{
  "Total" : {
    "transaction" : "Total",
    "sampleCount" : 1,
    "errorCount" : 0,
    "errorPct" : 0.0,
    "meanResTime" : 932.0,
    "minResTime" : 932.0,
    "maxResTime" : 932.0,
    "pct1ResTime" : 932.0,
    "pct2ResTime" : 932.0,
    "pct3ResTime" : 932.0,
    "throughput" : 1.0729613733905579,
    "receivedKBytesPerSec" : 2.681355619635193,
    "sentKBytesPerSec" : 0.12259421942060085
  },
  "baidu" : {
    "transaction" : "baidu",
    "sampleCount" : 1,
    "errorCount" : 0,
    "errorPct" : 0.0,
    "meanResTime" : 932.0,
    "minResTime" : 932.0,
    "maxResTime" : 932.0,
    "pct1ResTime" : 932.0,
    "pct2ResTime" : 932.0,
    "pct3ResTime" : 932.0,
    "throughput" : 1.0729613733905579,
    "receivedKBytesPerSec" : 2.681355619635193,
    "sentKBytesPerSec" : 0.12259421942060085
  }
}