{
  "Total" : {
    "transaction" : "Total",
    "sampleCount" : 11,
    "errorCount" : 1,
    "errorPct" : 9.090909,
    "meanResTime" : 194.8181818181818,
    "minResTime" : 115.0,
    "maxResTime" : 241.0,
    "pct1ResTime" : 237.8,
    "pct2ResTime" : 241.0,
    "pct3ResTime" : 241.0,
    "throughput" : 0.48752382218676593,
    "receivedKBytesPerSec" : 1.3413397348535214,
    "sentKBytesPerSec" : 0.07275635165979702
  },
  "我是百度2号" : {
    "transaction" : "我是百度2号",
    "sampleCount" : 1,
    "errorCount" : 1,
    "errorPct" : 100.0,
    "meanResTime" : 115.0,
    "minResTime" : 115.0,
    "maxResTime" : 115.0,
    "pct1ResTime" : 115.0,
    "pct2ResTime" : 115.0,
    "pct3ResTime" : 115.0,
    "throughput" : 8.695652173913043,
    "receivedKBytesPerSec" : 45.86447010869565,
    "sentKBytesPerSec" : 1.6219429347826086
  },
  "我是百度1号" : {
    "transaction" : "我是百度1号",
    "sampleCount" : 10,
    "errorCount" : 0,
    "errorPct" : 0.0,
    "meanResTime" : 202.79999999999998,
    "minResTime" : 176.0,
    "maxResTime" : 241.0,
    "pct1ResTime" : 239.4,
    "pct2ResTime" : 241.0,
    "pct3ResTime" : 241.0,
    "throughput" : 1.0894432944765224,
    "receivedKBytesPerSec" : 2.722544326724044,
    "sentKBytesPerSec" : 0.15852251062207212
  }
}