{
  "百度" : {
    "transaction" : "百度",
    "sampleCount" : 11,
    "errorCount" : 1,
    "errorPct" : 9.090909,
    "meanResTime" : 184.63636363636363,
    "minResTime" : 46.0,
    "maxResTime" : 457.0,
    "pct1ResTime" : 401.6000000000002,
    "pct2ResTime" : 457.0,
    "pct3ResTime" : 457.0,
    "throughput" : 0.5058401545111745,
    "receivedKBytesPerSec" : 1.1640071737331004,
    "sentKBytesPerSec" : 0.07548981709279869
  },
  "Total" : {
    "transaction" : "Total",
    "sampleCount" : 11,
    "errorCount" : 1,
    "errorPct" : 9.090909,
    "meanResTime" : 184.63636363636363,
    "minResTime" : 46.0,
    "maxResTime" : 457.0,
    "pct1ResTime" : 401.6000000000002,
    "pct2ResTime" : 457.0,
    "pct3ResTime" : 457.0,
    "throughput" : 0.5058401545111745,
    "receivedKBytesPerSec" : 1.1640071737331004,
    "sentKBytesPerSec" : 0.07548981709279869
  }
}